#key=_id,,,,,,,,,
#rtable=POINTER,,,,,,,,,
#foreign_key_ltable=ltable._id,,,,,,,,,
#foreign_key_rtable=rtable._id,,,,,,,,,
#ltable=POINTER,,,,,,,,,
_id,ltable._id,rtable._id,ltable.NAME,ltable.PHONENUMBER,ltable.ADDRESS,rtable.NAME,rtable.PHONENUMBER,rtable.ADDRESS,gold
2,4,12,15 Romolo,(415) 398-1359,"15 Romolo Place, San Francisco, CA",15 Romolo,(415) 398-1359,"15 Romolo Pl, San Francisco, CA 94133",1
278,18,4537,456 Shanghai Cuisine,1261,"69 Mott Street, New York, NY",Shanghai Asian Manor,(212) 766-6311,"21 Mott St, New York, NY 10013",0
334,21,1421,5A5 Steak Lounge,(415) 989-2539,"244 Jackson Street, San Francisco, CA",Delicious Dim Sum,(415) 781-0721,"752 Jackson St, San Francisco, CA 94133",0
474,29,2118,9th Street Pizza,(213) 627-7798,"231 E 9th St, Los Angeles, CA",Han Bat Sul Lung Tang,(213) 383-9499,"4163 W 5th St, Los Angeles, CA 90020",0
491,29,2554,9th Street Pizza,(213) 627-7798,"231 E 9th St, Los Angeles, CA",Jun Won Restaurant,(213) 383-8855,"3100 W 8th St, Los Angeles, CA 90005",0
523,29,3221,9th Street Pizza,(213) 627-7798,"231 E 9th St, Los Angeles, CA",Men Oh Tokushima Ramen,(213) 687-8485,"456 E 2nd St, Los Angeles, CA 90012",0
584,29,4679,9th Street Pizza,(213) 627-7798,"231 E 9th St, Los Angeles, CA",Spear Steak & Seafood House,(213) 688-3000,"800 W 6th St, Los Angeles, CA 90017",0
643,29,5824,9th Street Pizza,(213) 627-7798,"231 E 9th St, Los Angeles, CA",Yang Ban Sul Lung Tang Restaurant,(213) 489-4640,"716 E 9th Pl, Los Angeles, CA 90021",0
773,39,250,ABC Seafood,(213) 680-2887,"205 Ord St, Los Angeles, CA",AOC,(310) 859-9859,"8700 W 3rd St, Los Angeles, CA 90048",0
780,39,423,ABC Seafood,(213) 680-2887,"205 Ord St, Los Angeles, CA",BAR Ama,(213) 687-8002,"118 W 4th St, Los Angeles, CA 90013",0
949,39,4679,ABC Seafood,(213) 680-2887,"205 Ord St, Los Angeles, CA",Spear Steak & Seafood House,(213) 688-3000,"800 W 6th St, Los Angeles, CA 90017",0
1013,41,94,Acquerello,(415) 567-5432,"1722 Sacramento Street, San Francisco, CA",Acquerello,(415) 567-5432,"1722 Sacramento St, San Francisco, CA 94109",1
1031,48,119,AJ Bombers,(608) 305-4474,"201 W Gorham St, Madison, WI",AJ Bombers,(608) 305-4474,"201 W Gorham St, Madison, WI 53703",1
1567,57,3913,Al's Place,(415) 416-6136,"1499 Valencia Street, San Francisco, CA",Pica Pica Arepa Kitchen,(415) 400-5453,"401 Valencia St, San Francisco, CA 94103",0
1580,64,137,Alcove Cafe & Bakery,(323) 644-0100,"1929 Hillhurst Ave, Los Angeles, CA",Alcove Caf & Bakery,(323) 644-0100,"1929 Hillhurst Ave, Los Angeles, CA 90027",1
1881,71,5625,Allende Restaurant,(773) 477-7114,"2408 N. Lincoln Avenue, Chicago, IL",Via Lima,(773) 348-4900,"4024 N Lincoln Ave, Chicago, IL 60618",0
1966,73,3826,Alta CA,(415) 590-2585,"1420 Market Street, San Francisco, CA",Pasta Moto,(415) 546-6686,"845 Market St, San Francisco, CA 94103",0
2768,99,219,Anella,(718) 389-8100,"222 Franklin Street, Brooklyn, NY",Anella,(718) 389-8100,"222 Franklin St, Brooklyn, NY 11222",1
2791,100,2249,Angel Cafe & Deli,(415) 931-3467,"700 Geary Street, San Francisco, CA",Hong Kong Lounge,(415) 668-8836,"5322 Geary Blvd, San Francisco, CA 94121",0
2792,100,2250,Angel Cafe & Deli,(415) 931-3467,"700 Geary Street, San Francisco, CA",Hong Kong Lounge II,(415) 668-8802,"3300 Geary Blvd, San Francisco, CA 94118",0
2949,105,1473,Anima Pizza & Pasta,(213) 738-0799,"698 S Vermont Ave, Los Angeles, CA",Dok Dok Chicken,(213) 351-9963,"401 S Vermont Ave, Los Angeles, CA 90020",0
3216,107,1685,Ann Sather,(773) 348-2378,"909 W. Belmont Avenue, Chicago, IL",Fahlstroms Fresh Fish Market,(773) 281-6000,"1258 W Belmont Ave, Chicago, IL 60657",0
3305,123,1038,Arby's,(608) 274-6205,"601 S Gammon Rd, Madison, WI",Chang Jiang,(608) 278-1818,"646 S Gammon Rd, Madison, WI 53719",0
3435,137,294,Aroma Bar and Grill,(323) 850-8120,"7373 W Sunset Blvd, Los Angeles, CA",Aroma Restaurant,(323) 644-2833,"2903 W Sunset Blvd, Los Angeles, CA 90026",0
4168,151,319,Asiento,(415) 829-3375,"2730 21st Street, San Francisco, CA",Asiento,(415) 829-3375,"2730 21st St, San Francisco, CA 94110",1
4207,153,2245,Athens Gyros,(608) 246-7733,"1860 E Washington Ave, Madison, WI",Hong Kong Buffet,(608) 240-0762,"2817 E Washington Ave, Madison, WI 53704",0
4709,161,5843,Atomic Wings,(212) 760-9090,"528 9th Avenue, New York, NY, NY",Yum Yum Bangkok,(212) 262-7244,"650 9th Ave, New York, NY 10036",0
4744,171,354,Avec,(312) 377-2002,"615 W. Randolph Street, Chicago, IL",Avec,(312) 377-2002,"615 W Randolph St, Chicago, IL 60661",1
4872,185,380,Babes Madison,(608) 274-7300,"5614 Schroeder Rd, Madison, WI",Babes Grill & Bar,(608) 274-7300,"5614 Schroeder Rd, Madison, WI 53711",1
5263,187,974,Baby Blues BBQ,(415) 896-4250,"3149 Mission Street, San Francisco, CA",Old Bus Taver,(415) 843-1938,"3193 Mission St, San Francisco, CA 94110",0
5324,187,5124,Baby Blues BBQ,(415) 896-4250,"3149 Mission Street, San Francisco, CA",The Crafty Fox Ale House,(415) 416-6602,"1700 Mission St, San Francisco, CA 94103",0
5395,200,4407,Bahn Thai Restaurant,(608) 256-0202,"944 Williamson St, Madison, WI",Lao Laan,(608) 280-0104,"1146 Williamson St, Madison, WI 53703",0
5404,200,5668,Bahn Thai Restaurant,(608) 256-0202,"944 Williamson St, Madison, WI",Wah Kee Wonton Noodle,(608) 255-5580,"600 Williamson St, Madison, WI 53703",0
5682,222,3930,Bar Pastoral,(773) 472-4781,"2947 N. Broadway Street, Chicago, IL",Ping Pong,(773) 281-7575,"3322 N Broadway St, Chicago, IL 60657",0
5718,225,443,Bari,(312) 666-0730,"1120 W. Grand Avenue, Chicago, IL",Bari,(312) 666-0730,"1120 W Grand Ave, Chicago, IL 60642",1
5720,225,2482,Bari,(312) 666-0730,"1120 W. Grand Avenue, Chicago, IL",Jeta Skin Care and Laser Center,(312) 226-1851,"1851 W Grand Ave, Chicago, IL 60622",0
5784,232,2245,Barriques Coffee,(608) 268-6264,"127 W Washington Ave, Madison, WI",Hong Kong Buffet,(608) 240-0762,"2817 E Washington Ave, Madison, WI 53704",0
5915,244,1912,Batter & Berries,(773) 248-7710,"2748 N. Lincoln Avenue, Chicago, IL",Gather,(773) 506-9300,"4539 N Lincoln Ave, Chicago, IL 60625",0
6365,248,1473,BBQ Chicken,(213) 739-1047,"698 S Vermont Ave # 101, Los Angeles, CA",Dok Dok Chicken,(213) 351-9963,"401 S Vermont Ave, Los Angeles, CA 90020",0
6501,248,3815,BBQ Chicken,(213) 739-1047,"698 S Vermont Ave # 101, Los Angeles, CA",Parks BBQ,(213) 380-1717,"955 S Vermont Ave, Los Angeles, CA 90006",0
6639,250,653,Bean & Bean,(212) 422-8083,"71 Broadway, New York, NY",Blue Fin,(212) 918-1400,"1567 Broadway, New York, NY 10036",0
6648,250,2264,Bean & Bean,(212) 422-8083,"71 Broadway, New York, NY",Hot Soup Cart,1445980000000,"51st St & Broadway, New York, NY 10019",0
6654,250,3518,Bean & Bean,(212) 422-8083,"71 Broadway, New York, NY",New Wong Rest,(646) 878-9474,"103 E Broadway, New York, NY 10002",0
6670,250,5462,Bean & Bean,(212) 422-8083,"71 Broadway, New York, NY",Toys R Us,(646) 366-8800,"1514 Broadway, New York, NY 10036",0
7322,264,5059,Bel Ami Restaurant,(773) 878-2808,"5530 N. Lincoln Avenue, Chicago, IL",The Bad Apple,(773) 360-8406,"4300 N Lincoln Ave, Chicago, IL 60618",0
8699,334,641,Blowin' Smoke Barbeque,(608) 215-0069,"1336 Montondon Avenue, Waunakee, WI",Blowin' Smoke BBQ,(608) 215-0069,"1336 Montondon Ave, Waunakee, WI 53597",1
8700,334,642,Blowin' Smoke Barbeque,(608) 215-0069,"1336 Montondon Avenue, Waunakee, WI",Blowin' Smoke BBQ,(608) 215-0069,"1336 Montondon Ave, Waunakee, WI 53597",1
8702,335,159,Blu Jam Cafe,(323) 951-9191,"7371 Melrose Ave, Los Angeles, CA",All About the Bread,(323) 930-8989,"7111 Melrose Ave, Los Angeles, CA 90046",0
9037,346,4399,Blue Velvet Lounge,(608) 250-9900,"430 W Gilman St, Madison, WI",Sake Lounge,(608) 467-7770,"406 W Gilman St, Madison, WI 53703",0
9085,356,673,Bocadillos,(415) 982-2622,"710 Montgomery Street, San Francisco, CA",Bocadillos,(415) 982-2622,"710 Montgomery St, San Francisco, CA 94111",1
9126,361,1321,Bom Bolla,(773) 698-6601,"1501 N. Milwaukee Avenue, Chicago, IL",Crossroads Trading Co.,(773) 227-5300,"1519 N Milwaukee Ave, Chicago, IL 60622",0
9147,361,4316,Bom Bolla,(773) 698-6601,"1501 N. Milwaukee Avenue, Chicago, IL",Uncharted Book,1445980000000,"2630 N Milwaukee Ave, Chicago, IL 60647",0
9163,364,688,Bonfyre American Grille,(608) 273-3973,"2601 West Beltline Highway, Madison, WI",Bonfyre American Grille,(608) 273-3973,"2601 W Beltline Hwy, Madison, WI 53713",1
10371,383,4056,BRGRBELLY,(773) 775-6650,"5691 N. Milwaukee Avenue, Chicago, IL",Pot Pan,(773) 862-6990,"1362 N Milwaukee Ave, Chicago, IL 60642",0
10449,388,5089,Brink Lounge,(608) 661-8599,"701 E Washington Ave, Madison, WI",The Brass Ring,(608) 256-9359,"701 E Washington Ave, Madison, WI 53703",0
10515,392,1989,Brocach Irish Pub,(608) 255-2015,"7 W Main St, Madison, WI",Good Food,(608) 217-5227,"33 E Main St, Madison, WI 53703",0
10592,404,788,Buck & Honey's,(608) 837-3131,"804 Liberty Boulevard, Sun Prairie, WI",Buck & Honey's,(608) 837-3131,"804 Liberty Blvd, Sun Prairie, WI 53590",1
10605,405,2251,Buckingham's Madison,(608) 251-4744,"802 Regent St, Madison, WI",Hong Kong Station,(608) 661-8288,"1441 Regent St, Madison, WI 53711",0
11040,426,819,Burma Love,(415) 861-2100,"211 Valencia Street, San Francisco, CA",Burma Love,(415) 861-2100,"211 Valencia St, San Francisco, CA 94103",1
11433,440,2820,Cafe Costa Rica,(608) 256-9830,"1133 Williamson St, Madison, WI",Lao Laan,(608) 280-0104,"1146 Williamson St, Madison, WI 53703",0
11777,454,905,Cafe Tallulah,(212) 209-1055,"240 Columbus Avenue, New York, NY",Cafe Tallulah,(212) 209-1055,"240 Columbus Ave, New York, NY 10023",1
11837,459,2818,Cafe Zoma,(608) 246-2009,"2326 Atwood Ave, Madison, WI",Lao Laan,(608) 819-0140,"2098 Atwood Ave, Madison, WI 53704",0
12821,485,957,Capriotti's Sandwich Shop,(608) 255-2227,"902 Regent St, Madison, WI",Capriotti's Sandwich Shop,(608) 255-2227,"902 Regent St, Madison, WI 53715",1
12828,485,2251,Capriotti's Sandwich Shop,(608) 255-2227,"902 Regent St, Madison, WI",Hong Kong Station,(608) 661-8288,"1441 Regent St, Madison, WI 53711",0
12989,496,1667,Carmine's,(212) 221-3800,"200 W 44th Street, New York, NY",Etcetera Etcetera,(212) 399-4141,"352 W 44th St, New York, NY 10036",0
13500,503,129,Casa DE Lara,(608) 251-7200,"341 State St Ste 2, Madison, WI",Alan Koa Salon & Spa,(608) 284-1956,"202 State St, Madison, WI 53703",0
13502,503,670,Casa DE Lara,(608) 251-7200,"341 State St Ste 2, Madison, WI",Blum's Trophies LLC,(608) 256-8296,"130 State St, Madison, WI 53703",0
13506,503,949,Casa DE Lara,(608) 251-7200,"341 State St Ste 2, Madison, WI",Capital Tap Haus,(608) 310-1010,"107 State St, Madison, WI 53703",0
13507,503,985,Casa DE Lara,(608) 251-7200,"341 State St Ste 2, Madison, WI",Casa de Lara,(608) 251-7200,"341 State St, Madison, WI 53703",1
13544,503,2591,Casa DE Lara,(608) 251-7200,"341 State St Ste 2, Madison, WI",Karen & Co,(608) 258-5500,"309 State St, Madison, WI 53703",0
13552,503,3057,Casa DE Lara,(608) 251-7200,"341 State St Ste 2, Madison, WI",Mad City Frites,(608) 204-6150,"320 State St, Madison, WI 53703",0
13572,503,3956,Casa DE Lara,(608) 251-7200,"341 State St Ste 2, Madison, WI",Pizza Di Roma,(608) 268-0900,"313 State St, Madison, WI 53703",0
13573,503,3965,Casa DE Lara,(608) 251-7200,"341 State St Ste 2, Madison, WI",Pizza Hut,(662) 782-8378,"662 State St, Madison, WI 53703",0
13598,503,5509,Casa DE Lara,(608) 251-7200,"341 State St Ste 2, Madison, WI",Tutto Pasta State Street,(608) 960-9980,"305 State St, Madison, WI 53703",0
13610,505,986,Casa Del Sol,(608) 663-8818,"3040 Cahill Main, Fitchburg, WI",Casa Del Sol,(608) 663-8818,"3040 Cahill Main, Fitchburg, WI 53711",1
13660,509,993,Casellula Cheese and Wine Cafe,(212) 247-8137,"401 W 52nd Street, New York, NY",Casellula,(212) 247-8137,"401 W 52nd St, New York, NY 10019",1
14318,512,2554,Cassell's Hamburgers,(213) 387-5502,"3600 W 6th St, Los Angeles, CA",Jun Won Restaurant,(213) 383-8855,"3100 W 8th St, Los Angeles, CA 90005",0
14449,512,4636,Cassell's Hamburgers,(213) 387-5502,"3600 W 6th St, Los Angeles, CA",Son of a Gun,(323) 782-9033,"8370 W 3rd St, Los Angeles, CA 90048",0
14452,512,4679,Cassell's Hamburgers,(213) 387-5502,"3600 W 6th St, Los Angeles, CA",Spear Steak & Seafood House,(213) 688-3000,"800 W 6th St, Los Angeles, CA 90017",0
14460,512,4825,Cassell's Hamburgers,(213) 387-5502,"3600 W 6th St, Los Angeles, CA",Sun Nong Dan,(213) 365-0303,"3470 W 6th St, Los Angeles, CA 90020",0
15175,522,1025,Cha Cha Cha,(323) 664-7723,"656 N Virgil Ave, Los Angeles, CA",Cha Cha Cha,(323) 664-7723,"656 N Virgil Ave, Los Angeles, CA 90004",1
15482,533,1526,Cheba Hut,(608) 819-8485,"453 W Gilman St, Madison, WI",Ear Wax Records,(608) 257-6402,"254 W Gilman St, Madison, WI 53703",0
16096,543,2820,Chez Nanou,(608) 283-4266,"805 Williamson St, Madison, WI",Lao Laan,(608) 280-0104,"1146 Williamson St, Madison, WI 53703",0
16101,543,3055,Chez Nanou,(608) 283-4266,"805 Williamson St, Madison, WI",Mad Cat Pet Supply,(608) 255-4450,"1012 Williamson St, Madison, WI 53703",0
16113,543,4254,Chez Nanou,(608) 283-4266,"805 Williamson St, Madison, WI",Rick's Olde Gold,(608) 257-7280,"1314 Williamson St Frnt, Madison, WI 53703",0
16116,543,4407,Chez Nanou,(608) 283-4266,"805 Williamson St, Madison, WI",Sali C.'s review of Lao Laan,(608) 280-0104,"1146 Williamson St, Madison, WI 53703",0
16147,550,1078,Chicago Curry House,(312) 362-9999,"899 S. Plymouth Court, Chicago, IL",Chicago Curry House,(312) 362-9999,"899 S Plymouth Ct, Chicago, IL 60605",1
16823,572,1111,China Kitchen,(608) 826-4432,"6606 Mineral Pt Rd, Madison, WI",China Kitchen,(608) 826-4432,"6608 Mineral Point Rd, Madison, WI 53705",1
16914,578,1125,Chipotle Mexican Grill,(608) 233-4305,"4000 University Ave, Madison, WI",Chipotle Mexican Grill,(608) 233-4305,"4000 University Ave, Madison, WI 53705",1
17011,582,129,Chocolate Shoppe Ice Cream,(608) 255-5454,"468 State St, Madison, WI",Alan Koa Salon & Spa,(608) 284-1956,"202 State St, Madison, WI 53703",0
17065,582,3468,Chocolate Shoppe Ice Cream,(608) 255-5454,"468 State St, Madison, WI",Naf Naf Grill,(608) 256-0071,"555 State St, Madison, WI 53703",0
17077,582,3945,Chocolate Shoppe Ice Cream,(608) 255-5454,"468 State St, Madison, WI",Pita Pit,(608) 819-6722,"449 State St, Madison, WI 53703",0
17084,582,4623,Chocolate Shoppe Ice Cream,(608) 255-5454,"468 State St, Madison, WI",Soga Shabu Shabu,(608) 819-6780,"508 State St, Madison, WI 53703",0
17110,582,5731,Chocolate Shoppe Ice Cream,(608) 255-5454,"468 State St, Madison, WI",Which Wich,(608) 709-1094,"411 State St, Madison, WI 53703",0
17347,589,411,Chop Stop,(424) 274-3500,"8717 Santa Monica Blvd, West Hollywood, CA",Bambou Le Pho,(323) 848-8881,"8351 Santa Monica Blvd, West Hollywood, CA 90069",0
17668,598,3902,Chutney,(415) 931-5541,"511 Jones Street, San Francisco, CA",Pho Tan Hoa,(415) 673-3163,"431 Jones St, San Francisco, CA 94102",0
18221,620,2584,Cocohodo Wilshire,(213) 382-8943,"3500 W 6th St, Los Angeles, CA",Kang Ho Dong Baekjeong,(213) 384-9678,"3465 W 6th St, Los Angeles, CA 90020",0
18222,620,2585,Cocohodo Wilshire,(213) 382-8943,"3500 W 6th St, Los Angeles, CA",Kang Ho Dong Baekjeong,(213) 384-9678,"3465 W 6th St, Los Angeles, CA 90020",0
18772,623,4685,Coffee Bean & Tea Leaf,(310) 557-8435,"10250 Santa Monica Blvd, Los Angeles, CA",Spicy BBQ Restaurant,(323) 663-4211,"5101 Santa Monica Blvd, Los Angeles, CA 90029",0
18902,628,2249,Colibri Mexican Bistro,(415) 440-2737,"438 Geary Street, San Francisco, CA",Hong Kong Lounge,(415) 668-8836,"5322 Geary Blvd, San Francisco, CA 94121",0
18946,632,2982,Commissary,(415) 561-3663,"101 Montgomery Street, San Francisco, CA",Lost Coast Outfitters,(415) 483-2278,"550 Montgomery St, San Francisco, CA 94111",0
20090,663,1319,Crossroads Cafe,(608) 262-5038,"1000 Bascom Mall, Madison, WI",Crossroads Cafe,(608) 262-5038,"1000 Bascom Mall, Madison, WI 53706",1
20258,680,3468,Curd Girl,(608) 555-5555,"100 State St, Madison, WI",Naf Naf Grill,(608) 256-0071,"555 State St, Madison, WI 53703",0
20598,703,1371,Dairyland Family Restaurant,(608) 222-9232,"716 Cottage Grove Rd, Madison, WI",Dairyland Family Restaurant,(608) 222-9232,"716 Cottage Grove Rd, Madison, WI 53716",1
21007,727,1415,Delarosa,(415) 673-7100,"2175 Chestnut Street, San Francisco, CA",Delarosa,(415) 673-7100,"2175 Chestnut St, San Francisco, CA 94123",1
21232,737,3156,Desi Deli,(212) 399-9007,"724 10th Avenue, New York, NY",Marquee New York,(646) 473-0202,"289 10th Ave, New York, NY 10001",0
21234,737,3933,Desi Deli,(212) 399-9007,"724 10th Avenue, New York, NY",Pio Pio,(212) 459-2929,"604 10th Ave, New York, NY 10036",0
21245,737,5743,Desi Deli,(212) 399-9007,"724 10th Avenue, New York, NY",White Oak Oyster Bar & Cocktail Lounge,(646) 692-9347,"818 10th Ave, New York, NY 10019",0
21732,757,1464,Dlux,(608) 467-3130,"117 Martin Luther King Blvd, Madison, WI",DLUX,(608) 467-3130,"117 Martin Luther King Jr Blvd, Madison, WI 53703",1
21858,775,340,Dong Il Jang,(213) 383-5757,"3455 W 8th St, Los Angeles, CA",Au Lac DTLA,(213) 617-2533,"710 W 1st St, Los Angeles, CA 90012",0
21912,775,1381,Dong Il Jang,(213) 383-5757,"3455 W 8th St, Los Angeles, CA",Danger Dogs,1445980000000,"415 W 8th St, Los Angeles, CA 90006",0
21916,775,1486,Dong Il Jang,(213) 383-5757,"3455 W 8th St, Los Angeles, CA",Dong II Jang Restaurant,(213) 383-5757,"3455 W 8th St, Los Angeles, CA 90005",1
21955,775,2101,Dong Il Jang,(213) 383-5757,"3455 W 8th St, Los Angeles, CA",Hae Jang Chon Korean BBQ Restaurant,(213) 389-8777,"3821 W 6th St, Los Angeles, CA 90020",0
22010,775,2779,Dong Il Jang,(213) 383-5757,"3455 W 8th St, Los Angeles, CA",LA Sands Boxing Gym,(213) 909-7029,"515 E 4th St, Los Angeles, CA 90013",0
22013,775,2860,Dong Il Jang,(213) 383-5757,"3455 W 8th St, Los Angeles, CA",Le Comptoir,(213) 290-0750,"3606 W 6th St, Los Angeles, CA 90020",0
22028,775,3122,Dong Il Jang,(213) 383-5757,"3455 W 8th St, Los Angeles, CA",Mapo Kkak Doo Gee Restaurant,(213) 736-6668,"3611 W 6th St, Los Angeles, CA 90020",0
22088,775,4138,Dong Il Jang,(213) 383-5757,"3455 W 8th St, Los Angeles, CA",Quarters Korean BBQ,(213) 365-8111,"3465 W 6th St, Los Angeles, CA 90020",0
22117,775,4603,Dong Il Jang,(213) 383-5757,"3455 W 8th St, Los Angeles, CA",Smiles Cafe USC,1445980000000,"844 W 32nd St, Los Angeles, CA 90007",0
22163,775,5235,Dong Il Jang,(213) 383-5757,"3455 W 8th St, Los Angeles, CA",The Little Door,(323) 951-1210,"8164 W 3rd St, Los Angeles, CA 90048",0
22174,775,5308,Dong Il Jang,(213) 383-5757,"3455 W 8th St, Los Angeles, CA",The Real 3rd Street Chicken House,(213) 386-1135,"4254 W 3rd St, Los Angeles, CA 90020",0
22184,775,5428,Dong Il Jang,(213) 383-5757,"3455 W 8th St, Los Angeles, CA",Toe Bang Cafe,(213) 387-4905,"3465 W 6th St, Ste 110, Los Angeles, CA 90020",0
22315,785,3556,Dotty Dumpling's Dowry,(608) 259-0000,"317 N Frances St, Madison, WI",Nitty Gritty Birthday Bar,(608) 251-2521,"223 N Frances St, Madison, WI 53703",0
22735,822,5845,Durty Nelly's,(415) 664-2555,"2328 Irving Street, San Francisco, CA",Yummy Yummy,(415) 566-4722,"1015 Irving St, San Francisco, CA 94122",0
22972,836,4751,EDO Japanese Restaurant,(608) 268-0247,"532 S Park St, Madison, WI",Stephanie S.'s review of The Kombucha Sho,1445980000000,"1418 South Park St, Madison, WI 53715",0
23035,841,2245,Einstein Bros Bagels,(608) 242-9889,"3904 E Washington Ave, Madison, WI",Hong Kong Buffet,(608) 240-0762,"2817 E Washington Ave, Madison, WI 53704",0
23106,853,4574,El Cid,(773) 395-0505,"2645 N. Kedzie Avenue, Chicago, IL",Simone G.'s review of West River Caf,(773) 866-2133,"4400 N Kedzie Ave, Chicago, IL 60625",0
23179,862,1583,El Metate,(415) 641-7209,"2406 Bryant Street, San Francisco, CA",El Metate Restaurant,(415) 641-7209,"2406 Bryant St, San Francisco, CA 94110",1
23209,863,4428,El Norteno Tacos,(415) 756-1220,"801 Bryant Street, San Francisco, CA",San Francisco Bay Flowers,(415) 643-6519,"801 N Point St, San Francisco, CA 94109",0
23844,870,1565,El Pollo Loco,(323) 665-1333,"3925 W Sunset Blvd, Los Angeles, CA",El Cochinito Restaurant,(323) 668-0737,"3508 W Sunset Blvd, Los Angeles, CA 90026",0
23953,870,2952,El Pollo Loco,(323) 665-1333,"3925 W Sunset Blvd, Los Angeles, CA",Local,(323) 662-4740,"2943 W Sunset Blvd, Los Angeles, CA 90026",0
24219,874,2744,El Rinconcito Cubano,(773) 489-4440,"3248 W. Fullerton Avenue, Chicago, IL",La Cocina Boricua de la Familia Galarza,(773) 235-7377,"2420 W Fullerton Ave, Chicago, IL 60647",0
24323,876,499,El Salsabor Restaurant,(323) 266-1400,"522 S Lorena St, Los Angeles, CA",Beau Ideal House of Beauty,(323) 369-6904,"714 S Los Angeles St, Los Angeles, CA 90014",0
24663,878,2751,El Taco Loco #2,(415) 282-7018,"3274 24th Street, San Francisco, CA",La Espiga De Oro,(415) 826-1363,"2916 24th St, San Francisco, CA 94110",0
24667,878,2953,El Taco Loco #2,(415) 282-7018,"3274 24th Street, San Francisco, CA",Local Mission Eatery,(415) 655-3422,"3111 24th St, San Francisco, CA 94110",0
24670,878,3542,El Taco Loco #2,(415) 282-7018,"3274 24th Street, San Francisco, CA",Nico,(415) 359-1000,"3228 Sacramento Street, San Francisco, CA 94115",0
26174,907,1639,Eno Vino Wine Bar & Bistro,(608) 664-9565,"601 Junction Rd, Madison, WI",Eno Vino Wine Bar & Bistro,(608) 664-9565,"601 Junction Rd, Madison, WI 53717",1
26343,921,3930,Ethiopian Diamond,(773) 338-6100,"6120 N. Broadway Street, Chicago, IL",Ping Pong,(773) 281-7575,"3322 N Broadway St, Chicago, IL 60657",0
26406,936,1695,Falling Water Cafe,(608) 831-2000,"1313 John Q Hammons Dr, Middleton, WI",Falling Water Cafe,(608) 831-2000,"1313 John Q Hammons Dr, Middleton, WI 53562",1
26414,939,1700,Famous Yeti's Pizza,(608) 877-1544,"971 N Page St, Stoughton, WI",Famous Yetis Pizza,(608) 877-1544,"971 N Page St, Stoughton, WI 53589",1
26573,946,471,Fast Wok,(608) 833-6738,"106 W Towne Mall, Madison, WI",Bath & Body Works,(608) 826-0626,"23 W Towne Mall, Madison, WI 53719",0
27608,977,129,Five Guys Burgers and Fries,(608) 255-2520,"517 State St., Madison, WI",Alan Koa Salon & Spa,(608) 284-1956,"202 State St, Madison, WI 53703",0
27701,977,5534,Five Guys Burgers and Fries,(608) 255-2520,"517 State St., Madison, WI",Umami Buns,(608) 819-6319,"716-798 State St, Madison, WI 53706",0
27739,980,1775,Flaming Wok,(608) 240-1085,"4237 Lien Rd Ste H, Madison, WI",Flaming Wok,(608) 240-1085,"4237 Lien Rd, Madison, WI 53704",1
28250,1004,1618,Fosdal Home Bakery,(608) 873-3073,"243 E Main St, Stoughton, WI",Elsings 2nd Hand Shop,(608) 873-8997,"421 E Main St, Stoughton, WI 53589",0
29175,1023,1863,Frida Tacos,(323) 549-4666,"7217 Melrose, Los Angeles, CA",Froma on Melrose,(323) 653-3700,"7960 Melrose Ave, Los Angeles, CA 90046",0
29774,1081,1956,Glass Nickel Pizza Co.,(608) 218-9000,"5003 University Ave Ste 170, Madison, WI",Glass Nickel Pizza,(608) 218-9000,"5003 University Ave, Madison, WI 53705",1
29775,1081,2035,Glass Nickel Pizza Co.,(608) 218-9000,"5003 University Ave Ste 170, Madison, WI",Great Harvest Bread Company,(608) 284-9309,"3258 University Ave, Madison, WI 53705",0
29854,1087,5059,Golden Apple Grill & Breakfast House,(773) 528-1413,"2971 N. Lincoln Avenue, Chicago, IL",The Bad Apple,(773) 360-8406,"4300 N Lincoln Ave, Chicago, IL 60618",0
29856,1087,5625,Golden Apple Grill & Breakfast House,(773) 528-1413,"2971 N. Lincoln Avenue, Chicago, IL",Via Lima,(773) 348-4900,"4024 N Lincoln Ave, Chicago, IL 60618",0
30376,1108,742,Gordo Taqueria,(415) 668-8226,"5450 Geary Boulevard, San Francisco, CA",Brian S.'s review of Hong Kong Loung,(415) 668-8836,"5322 Geary Blvd, San Francisco, CA 94121",0
30431,1110,1988,Gotham New York Bagels & Eats,(608) 467-7642,"112 E Mifflin St, Madison, WI",Good Food,(608) 217-5227,"33 E Main St, Madison, WI 53703",0
30432,1110,1989,Gotham New York Bagels & Eats,(608) 467-7642,"112 E Mifflin St, Madison, WI",Good Food,(608) 217-5227,"33 E Main St, Madison, WI 53703",0
30874,1120,2022,Granite City Food & Brewery,(608) 829-0700,"72 W Towne Mall, Madison, WI",Granite City Food & Brewery,(608) 829-0700,"72 West Towne Mall, Madison, WI 53719",1
30899,1122,2028,Graze,(608) 251-2700,"1 S Pinckney Street, Madison, WI",Graze,(608) 251-2700,"1 S Pinckney St, Madison, WI 53703",1
30965,1125,742,Great India,(415) 751-4433,"6127 Geary Boulevard, San Francisco, CA",Brian S.'s review of Hong Kong Loung,(415) 668-8836,"5322 Geary Blvd, San Francisco, CA 94121",0
31014,1134,2051,Greenbush Bar,(608) 257-2874,"914 Regent St, Madison, WI",Greenbush Bar,(608) 257-2874,"914 Regent St, Madison, WI 53715",1
32109,1148,5040,Gumbo Pot,(323) 933-0358,"6333 W 3rd St, Los Angeles, CA",Thank U Pho,(213) 380-3223,"3522 W 8th St, Los Angeles, CA 90005",0
32175,1149,2082,Gus's Diner,(608) 318-0900,"630 N Westmount Dr, Sun Prairie, WI",Guss Diner,(608) 318-0900,"630 N Westmount Dr, Sun Prairie, WI 53590",1
32779,1156,1132,H. Salt Esquire Fish & Chips,(323) 667-2653,"4732 Hollywood Blvd, Los Angeles, CA",Cho Oishi,(323) 464-0500,"6801 Hollywood Blvd, Los Angeles, CA 90028",0
32964,1156,4450,H. Salt Esquire Fish & Chips,(323) 667-2653,"4732 Hollywood Blvd, Los Angeles, CA",Sapp Coffee Shop,(323) 665-1035,"5183 Hollywood Blvd, Los Angeles, CA 90027",0
33463,1167,2305,Han 202,(312) 949-1314,"605 W. 31st Street, Chicago, IL",Husky Hog BBQ,(773) 442-2769,"335 W 31st St, Chicago, IL 60616",0
33484,1178,1040,Harold's Chicken Shack,(608) 819-8010,"707 S. Gammon Rd, Madison, WI",Chang Jiang Chinese Restaurant,(608) 278-1818,"646 S Gammon Rd, Madison, WI 53719",0
33547,1181,4056,Harold's Chicken Shack,(773) 252-2424,"1361 N. Milwaukee Avenue, Chicago, IL",Pot Pan,(773) 862-6990,"1362 N Milwaukee Ave, Chicago, IL 60642",0
33579,1183,2142,Harvest,(608) 255-6075,"21 N Pinckney St, Madison, WI",Harvest,(608) 255-6075,"21 N Pinckney St, Madison, WI 53703",1
33708,1193,2173,Hell's Kitchen,(212) 977-1588,"754 9th Avenue, New York, NY",Hells Kitchen,(212) 977-1588,"754 9th Ave, New York, NY 10019",1
33823,1198,2101,Hero Shop,(213) 265-7561,"130 E 6th St, Los Angeles, CA",Hae Jang Chon Korean BBQ Restaurant,(213) 389-8777,"3821 W 6th St, Los Angeles, CA 90020",0
33934,1198,4642,Hero Shop,(213) 265-7561,"130 E 6th St, Los Angeles, CA",Soot Bull Jeep,(213) 387-3865,"3136 W 8th St, Los Angeles, CA 90005",0
33941,1198,4825,Hero Shop,(213) 265-7561,"130 E 6th St, Los Angeles, CA",Sun Nong Dan,(213) 365-0303,"3470 W 6th St, Los Angeles, CA 90020",0
33953,1198,5040,Hero Shop,(213) 265-7561,"130 E 6th St, Los Angeles, CA",Thank U Pho,(213) 380-3223,"3522 W 8th St, Los Angeles, CA 90005",0
33955,1198,5075,Hero Shop,(213) 265-7561,"130 E 6th St, Los Angeles, CA",The Black Sheep,(213) 689-5022,"126 E 6th St, Los Angeles, CA 90013",0
34030,1202,4349,Hill and Bay,(212) 245-5554,"581 2nd Avenue, New York, NY",Ruay Thai,(212) 545-7829,"625 2nd Ave, New York, NY 10016",0
34468,1214,1991,Honey B,(415) 221-1668,"2201 Clement Street, San Francisco, CA",Good Luck Dim Sum,(415) 386-3388,"736 Clement St, San Francisco, CA 94118",0
34489,1214,3904,Honey B,(415) 221-1668,"2201 Clement Street, San Francisco, CA",Phoenix Hotel,(415) 212-8141,"601 Eddy Street, San Francisco, CA 94109",0
34584,1224,2261,Hopwater Distribution,12347,"850 Bush Street, San Francisco, CA",Hopwater Distribution,1445980000000,"850 Bush St, San Francisco, CA 94108",0
34615,1231,1065,Hot Woks Cool Sushi,(312) 345-1234,"30 S. Michigan Avenue, Chicago, IL",Cherry Circle Room,(312) 792-3515,"12 S Michigan Ave, Chicago, IL 60603",0
34621,1231,4058,Hot Woks Cool Sushi,(312) 345-1234,"30 S. Michigan Avenue, Chicago, IL",Potbelly Sandwich Shop,(312) 428-2971,"200 S Michigan Ave, Chicago, IL 60604",0
35101,1252,3945,Ian's Pizza,(608) 257-9248,"100 State St, Madison, WI",Pita Pit,(608) 819-6722,"449 State St, Madison, WI 53703",0
35736,1267,3006,Immaculee II Haitian Restaurant & Bakery,(718) 778-7188,"1227 Nostrand Ave, Brooklyn, NY",Lucha Lucha,(929) 273-2380,"283 Nostrand Ave, Brooklyn, NY 11216",0
36438,1279,2360,Ippudo,(212) 388-0088,"65 4th Avenue, New York, NY",Ippudo NY,(212) 388-0088,"65 4th Ave, New York, NY 10003",1
36556,1281,3468,Irish Pub,(608) 256-6071,"317 State St Ste A, Madison, WI",Naf Naf Grill,(608) 256-0071,"555 State St, Madison, WI 53703",0
37083,1294,2395,J.P. Graziano,(312) 666-4587,"901 W. Randolph Street, Chicago, IL",J.P. Graziano Grocery Co.,(312) 666-4587,"901 W Randolph St, Chicago, IL 60607",1
37208,1300,1143,Jacks Stir,(212) 647-0900,"425 W 13th St, New York, NY",Chop Shop II,(646) 964-5672,"41 W 24th St, New York, NY 10010",0
37351,1300,3603,Jacks Stir,(212) 647-0900,"425 W 13th St, New York, NY",NTS News,(917) 796-5264,"224 W 35th St, New York, NY 10001",0
37537,1302,2411,Jade Garden,(608) 260-9890,"1109 S Park St, Madison, WI",Jade Garden,(608) 260-9890,"1109 S Park St, Madison, WI 53715",1
37644,1304,2413,Jake Melnick's Corner Tap,(312) 266-0400,"41 E. Superior Street, Chicago, IL",Jake Melnicks Corner Tap,(312) 266-0400,"41 E Superior St, Chicago, IL 60611",1
37809,1320,2470,JD's,(608) 444-1590,"N Broom St & State St, Madison, WI",Jeremy K.'s review of Goodman's Jeweler,(608) 257-3644,"220 State St, Madison, WI 53703",0
37817,1320,2619,JD's,(608) 444-1590,"N Broom St & State St, Madison, WI",Kelly E.'s review of Urban Outfitter,(608) 258-8818,"604 State St, Madison, WI 53703",0
37983,1326,2459,Jeni's Splendid Ice Creams,(614) 407-0687,"1505 N. Milwaukee Avenue, Chicago, IL",Jenis Splendid Ice Creams,(872) 802-4668,"1505 N Milwaukee Ave, Chicago, IL 60622",1
37995,1326,4056,Jeni's Splendid Ice Creams,(614) 407-0687,"1505 N. Milwaukee Avenue, Chicago, IL",Pot Pan,(773) 862-6990,"1362 N Milwaukee Ave, Chicago, IL 60642",0
38441,1343,2489,Jimmy John's,(608) 255-0301,"527 State St, Madison, WI",Jim L.'s review of Parthenon Gyros Restauran,(608) 251-6311,"316 State St, Madison, WI 53703",0
38442,1343,2492,Jimmy John's,(608) 255-0301,"527 State St, Madison, WI",Jimmy Johns,(608) 251-6789,"527 State St, Madison, WI 53703",1
38509,1346,1060,Jimmy's Red Hots,(773) 384-9513,"4000 W. Grand Avenue, Chicago, IL",Chef Fredy Cuisine,(630) 556-1057,"1752 W Grand Ave, Chicago, IL 60622",0
38554,1354,3591,Joey's Seafood & Grill,(608) 829-0093,"6604 Mineral Pt Rd, Madison, WI",North and South Seafood & Smokehouse,(608) 829-0093,"6604 Mineral Point Rd, Madison, WI 53705",1
38733,1371,2251,Jordan's Big Ten Pub,(608) 251-6375,"1330 Regent St, Madison, WI",Hong Kong Station,(608) 661-8288,"1441 Regent St, Madison, WI 53711",0
39256,1379,2245,Julep,1247,"827 E Washington Ave, Madison, WI",Hong Kong Buffet,(608) 240-0762,"2817 E Washington Ave, Madison, WI 53704",0
39940,1394,2567,Kabul Afghanistan Restaurant,(608) 256-6322,"540 State St, Madison, WI",Kabul Restaurant,(608) 256-6322,"540 State St, Madison, WI 53703",1
40451,1408,2634,KFC,(608) 849-5004,"600 W Main St, Waunakee, WI",KFC,(608) 849-5004,"600 W. Main Street, Waunakee, WI 53597",1
40492,1411,2562,Khan Toke Thai House,(415) 668-6654,"5937 Geary Boulevard, San Francisco, CA",K & G Jewelers,(415) 751-2712,"5520 Geary Blvd, San Francisco, CA 94121",0
40498,1411,3519,Khan Toke Thai House,(415) 668-6654,"5937 Geary Boulevard, San Francisco, CA",New World Market,(415) 751-8810,"5641 Geary Blvd, San Francisco, CA 94121",0
40576,1428,2596,Kit Kat Lounge and Supper Club,(773) 525-1111,"3700 N. Halsted Street, Chicago, IL",Karyns Fresh Corner Raw,(312) 255-1590,"1901 N Halsted St, Chicago, IL 60614",0
40585,1428,5254,Kit Kat Lounge and Supper Club,(773) 525-1111,"3700 N. Halsted Street, Chicago, IL",The Mid,(312) 265-3990,"306 N Halsted St, Chicago, IL 60661",0
40700,1449,2706,Kuleto's,(415) 397-7720,"221 Powell Street, San Francisco, CA",Kuletos,(415) 397-7720,"221 Powell St, San Francisco, CA 94102",1
40817,1455,5459,L's Caffe,(415) 206-0274,"2871 24th Street, San Francisco, CA",Tortas Los Picudos,(415) 824-4199,"2969 24th St, San Francisco, CA 94110",0
40838,1462,1482,La Brioche,(608) 233-3388,"2862 University Ave, Madison, WI",Don the Car Care Man,(608) 467-0602,"2008 University Ave, Madison, WI 53726",0
40843,1462,2035,La Brioche,(608) 233-3388,"2862 University Ave, Madison, WI",Great Harvest Bread Company,(608) 284-9309,"3258 University Ave, Madison, WI 53705",0
40848,1462,2719,La Brioche,(608) 233-3388,"2862 University Ave, Madison, WI",L S.'s review of La Brioche True Foo,(608) 233-3388,"2862 University Ave, Madison, WI 53705",1
41669,1490,984,La Salsa Fresh Mexican Grill,(310) 234-8338,"10800 W Pico Blvd, Los Angeles, CA",Casa Chocolate,(323) 734-7679,"3319 W Pico Blvd, Los Angeles, CA 90019",0
42099,1491,2770,La Santaneca,(415) 648-1034,"3781 Mission Street, San Francisco, CA",La Oaxaquea,(415) 621-5446,"2128 Mission St, San Francisco, CA 94110",0
42101,1491,2788,La Santaneca,(415) 648-1034,"3781 Mission Street, San Francisco, CA",La Taqueria,(415) 285-7117,"2889 Mission St, San Francisco, CA 94110",0
42252,1494,1143,Lady M Cake Boutique,(212) 452-2222,"41 E 78th St, New York, NY",Chop Shop II,(646) 964-5672,"41 W 24th St, New York, NY 10010",0
42495,1494,5146,Lady M Cake Boutique,(212) 452-2222,"41 E 78th St, New York, NY",The Eddy,(646) 895-9884,"342 E 6th St, New York, NY 10003",0
42560,1497,2622,Lahore Karahi,(415) 567-8603,"612 O'Farrell Street, San Francisco, CA",Ken S.'s review of Sai Jai Thai Restauran,(415) 673-5774,"771 O'Farrell St, San Francisco, CA 94109",0
42611,1500,2801,Lakeview Bakery and Deli,(608) 250-2380,"524 E. Wilson St., Madison, WI",Lakeview Bakery and Deli,(608) 250-2380,"524 E Wilson St, Madison, WI 53703",1
42952,1509,2095,Lao Laan,(608) 280-0104,"1146 Williamson St, Madison, WI",Ha Long Bay Vietnamese & Thai Bistro,(608) 255-2868,"1353 Williamson St, Madison, WI 53703",0
42953,1509,2096,Lao Laan,(608) 280-0104,"1146 Williamson St, Madison, WI",Ha Long Bay Vietnamese & Thai Bistro,(608) 255-2868,"1353 Williamson St, Madison, WI 53703",0
42960,1509,2820,Lao Laan,(608) 280-0104,"1146 Williamson St, Madison, WI",Lao Laan,(608) 280-0104,"1146 Williamson St, Madison, WI 53703",1
42962,1509,2852,Lao Laan,(608) 280-0104,"1146 Williamson St, Madison, WI",Lazy Janes,(608) 257-5263,"1358 Williamson St, Madison, WI 53703",0
42975,1509,4000,Lao Laan,(608) 280-0104,"1146 Williamson St, Madison, WI",Plan B,(608) 257-5262,"924 Williamson St, Madison, WI 53703",0
42982,1509,4717,Lao Laan,(608) 280-0104,"1146 Williamson St, Madison, WI",St Vincent De Paul Stores,(608) 257-0673,"1309 Williamson St, Madison, WI 53703",0
43009,1510,2819,Lao Laan Xang Restaurant,(608) 819-0140,"2098 Atwood Ave, Madison, WI",Lao Laan,(608) 819-0140,"2098 Atwood Ave, Madison, WI 53704",1
43020,1510,5024,Lao Laan Xang Restaurant,(608) 819-0140,"2098 Atwood Ave, Madison, WI",Tex Tubbs Taco Palace,(608) 242-1800,"2009 Atwood Ave, Madison, WI 53704",0
43048,1513,2596,Las Fuentes,(773) 935-2004,"2558 N. Halsted Street, Chicago, IL",Karyns Fresh Corner Raw,(312) 255-1590,"1901 N Halsted St, Chicago, IL 60614",0
43410,1520,2848,Layla's Persian Food,(608) 216-4511,"141 South Butler Street, Madison, WI",Laylas Persian Food,(608) 216-4511,"141 S Butler St, Madison, WI 53703",1
43986,1537,1473,Leelin Bakery & Cafe,(213) 382-2351,"209 S Vermont Ave, Los Angeles, CA",Dok Dok Chicken,(213) 351-9963,"401 S Vermont Ave, Los Angeles, CA 90020",0
44418,1558,2903,Liholiho Yacht Club,(415) 440-5446,"871 Sutter Street, San Francisco, CA",Liholiho Yacht Club,(415) 440-5446,"871 Sutter St, San Francisco, CA 94109",1
45417,1615,3019,Lula Cafe,(773) 489-9554,"2537 N. Kedzie Boulevard, Chicago, IL",Lula Cafe,(773) 489-9554,"2537 N Kedzie Blvd, Chicago, IL 60647",1
45824,1630,3056,Mad City Frites,(608) 204-6150,"320 State St, Madison, WI",Mad City Crabhouse,1445980000000,"122 State St, Madison, WI 53774",0
46463,1637,3089,Maharana,(608) 246-8525,"1707 Thierer Rd, Madison, WI",Maharaja Restaurant,(608) 246-8525,"1707 Thierer Rd, Madison, WI 53704",1
46584,1648,3104,MaMa Ji's,(415) 626-4416,"4415 18th Street, San Francisco, CA",MaMa Jis,(415) 212-8187,"4416 18th St, San Francisco, CA 94114",1
46857,1652,5368,Mamoun's Falafel,(212) 674-8685,"119 MacDougal Street, New York, NY",The Up & Up,(212) 260-3000,"116 MacDougal St, New York, NY 10012",0
46869,1656,2327,Manna Cafe & Bakery,(608) 663-5500,"611 N Sherman Ave, Madison, WI",IGo VeGo,(608) 658-7081,"1219 N Sherman Ave, Madison, WI 53704",0
46874,1656,3114,Manna Cafe & Bakery,(608) 663-5500,"611 N Sherman Ave, Madison, WI",Manna Cafe & Bakery,(608) 663-5500,"611 N Sherman Ave, Madison, WI 53704",1
46913,1657,5845,Manna Korean Restaurant,(415) 665-5969,"845 Irving Street, San Francisco, CA",Yummy Yummy,(415) 566-4722,"1015 Irving St, San Francisco, CA 94122",0
46923,1659,3319,Manos Nouveau,(415) 638-6109,"3115 22nd Street, San Francisco, CA",Minas Brazilian Restaurant & Cachaaria,(415) 626-8727,"41 Franklin Street, San Francisco, CA 94102",0
46995,1667,3132,Marigold Kitchen,(608) 661-5559,"118 S Pinckney St, Madison, WI",Marigold Kitchen,(608) 661-5559,"118 S Pinckney St, Madison, WI 53703",1
47661,1673,5839,Mariscos Jalisco,(323) 528-6701,"3040 E Olympic Blvd, Los Angeles, CA",Yu Chun Chic Naeng Myun,(213) 382-3815,"3185 W Olympic Blvd, Los Angeles, CA 90006",0
47922,1677,3151,Marlowe,(415) 777-1413,"500 Brannan Street, San Francisco, CA",Marlowe,(415) 777-1413,"500 Brannan St, San Francisco, CA 94107",1
47964,1678,5845,Marnee Thai,(415) 665-9500,"2225 Irving Street, San Francisco, CA",Yummy Yummy,(415) 566-4722,"1015 Irving St, San Francisco, CA 94122",0
47997,1679,3158,Marrakesh Restaurant,(608) 238-7111,"5510 University Ave, Madison, WI",Marrakesh,(608) 238-7111,"5510 University Ave, Madison, WI 53705",1
48319,1682,3723,Masa of Echo Park,(213) 989-1558,"1800 W Sunset Blvd, Los Angeles, CA",Ostrich Farm,(213) 537-0657,"1525 W Sunset Blvd, Los Angeles, CA 90026",0
48909,1693,1443,Mazza Luna,(415) 829-2730,"810 S Van Ness Street, San Francisco, CA",Dim Sum Club,(415) 529-2615,"2550 Van Ness Ave, San Francisco, CA 94109",0
49289,1717,3207,Mecca Supper Club,(773) 775-1077,"6666 N. Northwest Highway, Chicago, IL",Mecca Supper Club,(773) 775-1077,"6666 N Northwest Hwy, Chicago, IL 60631",1
49387,1719,3468,Mediterranean Cafe,(608) 251-8510,"625 State St, Madison, WI",Naf Naf Grill,(608) 256-0071,"555 State St, Madison, WI 53703",0
50015,1728,3519,Men Oh,(415) 386-8802,"5120 Geary Boulevard, San Francisco, CA",New World Market,(415) 751-8810,"5641 Geary Blvd, San Francisco, CA 94121",0
50675,1737,3247,Metro Diner,(212) 866-0800,"2641 Broadway, New York, NY",Met Photo,(212) 869-6960,"1500 Broadway, New York, NY 10036",0
50881,1746,4254,Mickey's Tavern,(608) 251-9964,"1524 Williamson St, Madison, WI",Ricks Olde Gold,(608) 257-7280,"1314 Williamson St Frnt, Madison, WI 53703",0
50964,1751,3301,Milan's Restaurant,(718) 788-7384,"710 5th Avenue, Brooklyn, NY",Milan Restaurant,(718) 788-7384,"710 5th Ave, Brooklyn, NY 11226",1
50967,1752,3304,Milio's Sandwiches,(608) 301-9999,"5534 Eastpark Blvd, Madison, WI",Milios Sandwiches,(608) 245-2700,"5534 Eastpark Blvd, Madison, WI 53718",1
51754,1784,227,Mom's Old Recipe,(773) 467-1009,"5760 N. Milwaukee Avenue, Chicago, IL",Angie M.'s review of Small Cheva,1445980000000,"1732 N Milwaukee Ave, Chicago, IL 60647",0
51777,1784,4056,Mom's Old Recipe,(773) 467-1009,"5760 N. Milwaukee Avenue, Chicago, IL",Pot Pan,(773) 862-6990,"1362 N Milwaukee Ave, Chicago, IL 60642",0
51830,1791,3401,Mooyah,(855) 666-9247,"6309 McKee Rd, Fitchburg, WI","MOOYAH Burgers, Fries & Shakes",(608) 270-1022,"6309 Mckee Rd, Fitchburg, WI 53719",1
52031,1806,3221,Mr. Pizza,(213) 625-0077,"350 E 1st St, Los Angeles, CA",Men Oh Tokushima Ramen,(213) 687-8485,"456 E 2nd St, Los Angeles, CA 90012",0
52183,1812,1187,Mullen's on Clark,(773) 325-2319,"3527 N. Clark Street, Chicago, IL",Clark St. Ale House,(877) 637-7133,"742 N Clark St, Chicago, IL 60654",0
52336,1820,3466,Nacional 27,(312) 664-2727,"325 W. Huron Street, Chicago, IL",Nacional 27,(312) 664-2727,"325 W Huron St, Chicago, IL 60654",1
52341,1822,4667,Nana,(312) 929-2486,"3267 S. Halsted Street, Chicago, IL",South Kawa,(773) 940-1238,"3417 S Halsted St, Chicago, IL 60608",0
52454,1832,1146,Natsumi Bar And Lounge,(212) 258-2988,"226 W 50th Street, New York, NY",Chris A.'s review of Arts and Crafts Beer Parlo,(646) 678-5263,"26 W 8th St, New York, NY 10011",0
52607,1833,2820,Nature's Bakery Cooperative,(608) 257-3649,"1019 Williamson St, Madison, WI",Lao Laan,(608) 280-0104,"1146 Williamson St, Madison, WI 53703",0
52608,1833,2821,Nature's Bakery Cooperative,(608) 257-3649,"1019 Williamson St, Madison, WI",Lao Laan,(608) 280-0104,"1146 Williamson St, Madison, WI 53703",0
52624,1833,4254,Nature's Bakery Cooperative,(608) 257-3649,"1019 Williamson St, Madison, WI",Ricks Olde Gold,(608) 257-7280,"1314 Williamson St Frnt, Madison, WI 53703",0
52740,1847,3507,New Fortune Dim Sum And Cafe,(415) 399-1511,"811 Stockton Street, San Francisco, CA",New Golden Daisy,(415) 392-0111,"1041 Stockton St, San Francisco, CA 94108",0
52811,1851,3696,New Orient House,(608) 250-8880,"626 S. Park St, Madison, WI",Oriental Wok,(608) 255-1288,"532 S Park St, Madison, WI 53715",0
52920,1859,3539,Nick's Pit Stop,(773) 342-9736,"2023 N. Damen Avenue, Chicago, IL",Nicks Pit Stop,(773) 342-9736,"2023 N Damen Ave, Chicago, IL 60647",1
53893,1872,3576,Noodles & Company,(608) 829-0202,"7050 Mineral Point Rd, Madison, WI",Noodles & Company,(608) 829-0202,"7050 Mineral Point Rd and Gammon Rd, Madison, WI 53717",1
53979,1877,4043,Nori,(773) 292-9992,"1393 N. Milwaukee Avenue, Chicago, IL",Pork & Mindys,(844) 573-6737,"1623 N Milwaukee Ave, Chicago, IL 60647",0
54001,1881,2248,North Beach Pizza,(415) 433-2444,"1462 Grant Avenue, San Francisco, CA",Hong Kong Clay Pot Restaurant,(415) 989-2638,"960 Grant Ave, San Francisco, CA 94108",0
54104,1889,4843,Novela,(415) 896-6500,"662 Mission Street, San Francisco, CA",Super Duper Burgers,(415) 882-1750,"783 Mission St, San Francisco, CA 94103",0
54731,1902,3614,Oakcrest Tavern,(608) 233-1243,"5371 Old Middleton Rd, Madison, WI",Oakcrest Tavern,(608) 233-1243,"5371 Old Middleton Rd, Madison, WI 53705",1
55214,1938,4567,Oriental Garden,(212) 619-0085,"14 Elizabeth Street, New York, NY",Siggys Good Food,(212) 226-5775,"292 Elizabeth St, New York, NY 10012",0
55780,1940,3695,Oriental Wok,(608) 255-1288,"532 S Park St, Madison, WI",Orient House,(608) 571-6512,"626 S Park St, Madison, WI 53715",0
55802,1941,3698,Original Pancake House,(608) 222-1137,"518 River Pl, Monona, WI",Original Pancake House,(608) 222-1137,"516 River Pl, Monona, WI 53716",1
55825,1942,2035,Original Pancake House,(608) 231-3666,"5518 University Ave, Madison, WI",Great Harvest Bread Company,(608) 284-9309,"3258 University Ave, Madison, WI 53705",0
55840,1942,3697,Original Pancake House,(608) 231-3666,"5518 University Ave, Madison, WI",Original Pancake House,(608) 231-3666,"5518 University Ave, Madison, WI 53705",1
56294,1949,2809,Otto's Tacos,(646) 678-4018,"141 2nd Avenue, New York, NY",Lan Larb,(212) 889-1769,"637 2nd Ave, New York, NY 10016",0
56497,1959,3930,Paciugo,(773) 248-8433,"3241 N. Broadway Street, Chicago, IL",Ping Pong,(773) 281-7575,"3322 N Broadway St, Chicago, IL 60657",0
56603,1966,3755,Pakwan,(415) 255-2440,"3182 16th Street, San Francisco, CA",Pakwan Restaurant,(415) 255-2440,"3180-82 16th St, San Francisco, CA 94103",1
56695,1969,1473,Palermo Ristorante Italiano,(323) 663-1178,"1858 N Vermont Ave, Los Angeles, CA",Dok Dok Chicken,(213) 351-9963,"401 S Vermont Ave, Los Angeles, CA 90020",0
56930,1972,129,Palmyra Mediterranean Grill,1245,"419 State St, Madison, WI",Alan Koa Salon & Spa,(608) 284-1956,"202 State St, Madison, WI 53703",0
56990,1972,3764,Palmyra Mediterranean Grill,1245,"419 State St, Madison, WI",Palmyra Mediterranean Grill,(608) 630-9191,"419 State St, Madison, WI 53703",1
56991,1972,3765,Palmyra Mediterranean Grill,1245,"419 State St, Madison, WI",Palmyra Mediterranean Grill,(608) 630-9191,"419 State St, Madison, WI 53703",1
57003,1972,4623,Palmyra Mediterranean Grill,1245,"419 State St, Madison, WI",Soga Shabu Shabu,(608) 819-6780,"508 State St, Madison, WI 53703",0
57029,1972,5731,Palmyra Mediterranean Grill,1245,"419 State St, Madison, WI",Which Wich,(608) 709-1094,"411 State St, Madison, WI 53703",0
57311,1975,4636,Pampas Grill,(323) 931-1928,"6333 W 3rd St, Los Angeles, CA",Son of a Gun,(323) 782-9033,"8370 W 3rd St, Los Angeles, CA 90048",1
57314,1975,4679,Pampas Grill,(323) 931-1928,"6333 W 3rd St, Los Angeles, CA",Spear Steak & Seafood House,(213) 688-3000,"800 W 6th St, Los Angeles, CA 90017",0
57322,1975,4825,Pampas Grill,(323) 931-1928,"6333 W 3rd St, Los Angeles, CA",Sun Nong Dan,(213) 365-0303,"3470 W 6th St, Los Angeles, CA 90020",0
57393,1975,5826,Pampas Grill,(323) 931-1928,"6333 W 3rd St, Los Angeles, CA",Yang San Bak,(213) 365-9689,"3601 W 6th St, Los Angeles, CA 90020",0
57414,1981,5015,Pancake Cafe,(608) 204-7040,"6220 Nesbitt Rd Ste B, Fitchburg, WI",Ten Pin Alley,(608) 845-1010,"6285 Nesbitt Rd, Fitchburg, WI 53719",0
57565,2015,1988,Paradise Lounge,(608) 256-2263,"119 W Main St, Madison, WI",Good Food,(608) 217-5227,"33 E Main St, Madison, WI 53703",0
57607,2015,5281,Paradise Lounge,(608) 256-2263,"119 W Main St, Madison, WI",The Paradise Lounge,(608) 256-2263,"119 W Main St, Madison, WI 53703",1
58555,2031,985,Parthenon Gyros Restaurant,(608) 251-6311,"316 State St, Madison, WI",Casa de Lara,(608) 251-7200,"341 State St, Madison, WI 53703",0
58603,2031,3468,Parthenon Gyros Restaurant,(608) 251-6311,"316 State St, Madison, WI",Naf Naf Grill,(608) 256-0071,"555 State St, Madison, WI 53703",0
58611,2031,3789,Parthenon Gyros Restaurant,(608) 251-6311,"316 State St, Madison, WI",Pantheon Bar,(608) 251-6311,"316 State St, Madison, WI 53703",1
58648,2031,5731,Parthenon Gyros Restaurant,(608) 251-6311,"316 State St, Madison, WI",Which Wich,(608) 709-1094,"411 State St, Madison, WI 53703",0
59096,2069,958,Pho Nam,(608) 836-7040,"610 Junction Rd Suite 109, Madison, WI",Capriottis Sandwich Shop,(608) 833-5551,"610 Junction Rd, Madison, WI 53717",0
59103,2069,3900,Pho Nam,(608) 836-7040,"610 Junction Rd Suite 109, Madison, WI",Pho Nam Noodle House,(608) 836-7040,"610 Junction Rd, Madison, WI 53717",1
59605,2094,4842,Pisco Latin Lounge,(415) 874-9951,"1817 Market Street, San Francisco, CA",Super Duper Burgers,(415) 558-8123,"2304 Market St, San Francisco, CA 94114",0
59668,2099,4449,Pizza Capri,(312) 280-5700,"1733 N. Halsted Street, Chicago, IL",Sapori Trattoria,(312) 967-9358,"2701 N Halsted St, Chicago, IL 60614",0
59758,2108,3958,Pizza Hut,(608) 467-0588,"520 S Park St, Madison, WI",Pizza Hut,(608) 442-4242,"520 S. Park St., Madison, WI 53715",1
60283,2123,3983,Pizza Pit Extreme,(608) 833-3344,"6628 Odana Rd, Madison, WI",Pizza Pit Extreme,(608) 271-3333,"6628 Odana Rd, Madison, WI 53719",1
60296,2123,5655,Pizza Pit Extreme,(608) 833-3344,"6628 Odana Rd, Madison, WI",VIP,(608) 831-5555,"6718-6722 Odana Rd, Madison, WI 53719",0
60319,2127,3987,Pizzarito,(310) 823-7333,"4371 Glencoe Ave B-7, Marina Del Rey, CA",Pizzarito New York Pizza By the Slice,(310) 823-7333,"4371 Glencoe Ave, Marina del Rey, CA 90292",1
60373,2134,5295,Plaza Tavern & Grill,(608) 255-6592,"319 N Henry St, Madison, WI",The Plaza Tavern,(608) 255-6592,"319 N Henry St, Madison, WI 53703",1
60511,2148,4033,Pomp & Circumstance,(312) 951-7667,"1400 N. Wells Street, Chicago, IL",Pomp & Circumstance,(312) 951-7667,"1400 Wells St, Chicago, IL 60610",1
60549,2156,4046,Porta Bella,(608) 256-3186,"425 N Frances St, Madison, WI",Porta Bella,(608) 256-3186,"425 N Frances St, Madison, WI 53703",1
60575,2157,4048,Porteno,(212) 695-9694,"299 Tenth Avenue, New York, NY",Porteno Restaurant,(212) 695-9694,"299 10th Ave, New York, NY 10001",1
60584,2158,4068,Prado,(323) 467-3871,"244 North Larchmont Boulevard, Los Angeles, CA",Prado Restaurant,(323) 467-3871,"244 N Larchmont Blvd, Los Angeles, CA 90004",1
60630,2167,1342,Prune,(212) 677-6221,"54 E 1st Street, New York, NY",Cup & Cup,(646) 398-9990,"15 E 31st St, New York, NY 10016",0
61063,2184,985,Qdoba Mexican Grill,(608) 280-8720,"548 State St, Madison, WI",Casa de Lara,(608) 251-7200,"341 State St, Madison, WI 53703",0
61186,2186,4367,Quaker Steak & Lube,(608) 831-5823,"2259 Deming Way, Middleton, WI",Ruths Chris Steak House,(608) 828-7884,"2137 Deming Way, Middleton, WI 53562",0
61234,2192,5845,Quickly,(415) 665-3090,"2116 Irving Street, San Francisco, CA",Yummy Yummy,(415) 566-4722,"1015 Irving St, San Francisco, CA 94122",0
61235,2193,3550,Quivey's Grove,(608) 273-4900,"6261 Nesbitt Rd, Fitchburg, WI",Nina O.'s review of Ten Pin Alle,(608) 845-1010,"6285 Nesbitt Rd, Fitchburg, WI 53719",0
61447,2204,1889,Ramen Hayatemaru,(310) 212-0055,"11678 W Olympic Blvd, Los Angeles, CA",Gam Ja Gol,(213) 381-6446,"3003 W Olympic Blvd, Los Angeles, CA 90006",0
61781,2204,5839,Ramen Hayatemaru,(310) 212-0055,"11678 W Olympic Blvd, Los Angeles, CA",Yu Chun Chic Naeng Myun,(213) 382-3815,"3185 W Olympic Blvd, Los Angeles, CA 90006",0
61790,2206,4172,Ramen Takeya,(312) 666-7710,"819 W. Fulton Market, Chicago, IL",Ramen Takeya,(312) 666-7710,"819 W Fulton Market, Chicago, IL 60607",1
63303,2253,3319,Rin's,(415) 821-4776,"4301 24th Street, San Francisco, CA",Minas Brazilian Restaurant & Cachaaria,(415) 626-8727,"41 Franklin Street, San Francisco, CA 94102",0
63328,2256,1593,Rio Grande,(608) 877-0160,"524 W Main St, Stoughton, WI",El Rio Grande,(608) 877-0160,"524 W Main St, Stoughton, WI 53589",1
63329,2256,1618,Rio Grande,(608) 877-0160,"524 W Main St, Stoughton, WI",Elsings 2nd Hand Shop,(608) 873-8997,"421 E Main St, Stoughton, WI 53589",0
63434,2258,3468,Rising Sons,(608) 661-4334,"617 State St, Madison, WI",Naf Naf Grill,(608) 256-0071,"555 State St, Madison, WI 53703",0
63604,2264,5535,Roam Artisan Burgers,(415) 440-7626,"1785 Union Street, San Francisco, CA",Umami Burger,(415) 440-8626,"2184 Union St, San Francisco, CA 94123",0
63613,2266,129,Roast Public House,(608) 260-0088,"529 State St, Madison, WI",Alan Koa Salon & Spa,(608) 284-1956,"202 State St, Madison, WI 53703",0
63619,2266,985,Roast Public House,(608) 260-0088,"529 State St, Madison, WI",Casa de Lara,(608) 251-7200,"341 State St, Madison, WI 53703",0
64179,2273,3684,Roka Akor,(312) 477-7652,"456 N. Clark Street, Chicago, IL",Ora,(773) 506-2978,"5143 N Clark St, Chicago, IL 60640",0
64222,2275,1036,Rolling Pin Bake Shop,(608) 270-9611,"2935 S Fish Hatchery Rd, Fitchburg, WI",Chang Jiang,(608) 288-1888,"2935 S Fish Hatchery Rd, Fitchburg, WI 53711",0
64244,2281,1026,Rosamunde Sausage Grill,(415) 437-6851,"545 Haight Street, San Francisco, CA",Cha Cha Cha,(415) 386-7670,"1801 Haight St, San Francisco, CA 94117",0
64481,2288,89,Rosie's Main Tap Incorporated,(608) 835-3330,"121 S Main St, Oregon, WI",Aces Main Tap,(608) 835-3330,"121 S Main St, Oregon, WI 53575",1
64491,2288,3322,Rosie's Main Tap Incorporated,(608) 835-3330,"121 S Main St, Oregon, WI",Ming Moon,(608) 835-2163,"787 N Main St, Oregon, WI 53575",0
64600,2296,4346,RP Adler's Pub & Grill,(608) 828-1250,"8202 Watts Rd, Madison, WI",RP Adlers,(608) 828-1250,"8202 Watts Rd, Madison, WI 53719",1
64612,2299,4349,Ruay Thai Restaurant,(212) 545-7829,"625 Second Avenue, New York, NY, NY",Ruay Thai,(212) 545-7829,"625 2nd Ave, New York, NY 10016",1
64812,2305,4132,Ruth's Chris Steak House,(608) 828-7884,"2137 Deming Way, Middleton, WI",Quaker Steak & Lube,(608) 831-5823,"2259 Deming Way, Middleton, WI 53562",0
64815,2305,5732,Ruth's Chris Steak House,(608) 828-7884,"2137 Deming Way, Middleton, WI",Which Wich,(608) 836-9424,"2177 Deming Way, Middleton, WI 53562",0
64822,2307,613,Sa Bai Thong,(608) 238-3100,"2840 University Ave, Madison, WI",BJs Kolaches,(715) 340-6267,"975 University Ave, Madison, WI 53706",0
65271,2318,4390,Saigon Sandwich,(415) 474-5698,"560 Larkin Street, San Francisco, CA",Saigon Sandwich,(415) 474-5698,"560 Larkin St, San Francisco, CA 94102",1
65710,2333,423,Samba Grill Cafe,(213) 749-0260,"735 E 12th St, Los Angeles, CA",BAR Ama,(213) 687-8002,"118 W 4th St, Los Angeles, CA 90013",0
65891,2333,4825,Samba Grill Cafe,(213) 749-0260,"735 E 12th St, Los Angeles, CA",Sun Nong Dan,(213) 365-0303,"3470 W 6th St, Los Angeles, CA 90020",0
65945,2333,5826,Samba Grill Cafe,(213) 749-0260,"735 E 12th St, Los Angeles, CA",Yang San Bak,(213) 365-9689,"3601 W 6th St, Los Angeles, CA 90020",0
66082,2348,4254,Sardine,(608) 441-1600,"617 Williamson St, Madison, WI",Ricks Olde Gold,(608) 257-7280,"1314 Williamson St Frnt, Madison, WI 53703",0
66086,2348,4407,Sardine,(608) 441-1600,"617 Williamson St, Madison, WI",Sali C.'s review of Lao Laan,(608) 280-0104,"1146 Williamson St, Madison, WI 53703",0
66087,2348,4456,Sardine,(608) 441-1600,"617 Williamson St, Madison, WI",Sardine,(608) 441-1600,"617 Williamson St, Madison, WI 53703",1
66132,2351,4458,Sarku Japan,(608) 833-8808,"111 W Towne Mall, Madison, WI",Sarku Japan,(608) 833-8808,"111 W Towne Mall, Madison, WI 53719",1
66133,2351,4459,Sarku Japan,(608) 833-8808,"111 W Towne Mall, Madison, WI",Sarku Japan,(608) 836-0818,"108 W Towne Mall, Madison, WI 53719",0
66420,2375,2390,Semiramis,(773) 279-8900,"4639 N. Kedzie Avenue, Chicago, IL",J J Fish,(773) 533-1995,"816 N Kedzie Ave, Chicago, IL 60651",0
66723,2385,4533,Shallots Bistro,(847) 677-3463,"7016 Carpenter Road, Skokie, IL",Shallots Bistro,(847) 677-3463,"7016 Carpenter Rd, Skokie, IL 60076",1
66849,2402,3591,Silly Yak Bakery,(608) 833-5965,"7866 Mineral Point Road, Madison, WI",North and South Seafood & Smokehouse,(608) 829-0093,"6604 Mineral Point Rd, Madison, WI 53705",0
67182,2412,129,Slide Food Cart,(608) 630-4824,"711 State St, Madison, WI",Alan Koa Salon & Spa,(608) 284-1956,"202 State St, Madison, WI 53703",0
67647,2432,340,Son of a Gun Restaurant,(323) 782-9033,"8370 W 3rd St, Los Angeles, CA",Au Lac DTLA,(213) 617-2533,"710 W 1st St, Los Angeles, CA 90012",0
67654,2432,450,Son of a Gun Restaurant,(323) 782-9033,"8370 W 3rd St, Los Angeles, CA",Barrel Down,(213) 232-8657,"525 W 7th St, Los Angeles, CA 90014",0
67691,2432,1160,Son of a Gun Restaurant,(323) 782-9033,"8370 W 3rd St, Los Angeles, CA",Chunju Han,(213) 480-1799,"3450 W 6th St, Los Angeles, CA 90020",0
67700,2432,1378,Son of a Gun Restaurant,(323) 782-9033,"8370 W 3rd St, Los Angeles, CA",Dan Sung Sa,(213) 487-9100,"3317 W 6th St, Los Angeles, CA 90020",0
67712,2432,1561,Son of a Gun Restaurant,(323) 782-9033,"8370 W 3rd St, Los Angeles, CA",El Carmen,(323) 852-1552,"8138 W 3rd St, Los Angeles, CA 90048",0
67747,2432,2118,Son of a Gun Restaurant,(323) 782-9033,"8370 W 3rd St, Los Angeles, CA",Han Bat Sul Lung Tang,(213) 383-9499,"4163 W 5th St, Los Angeles, CA 90020",0
67778,2432,2554,Son of a Gun Restaurant,(323) 782-9033,"8370 W 3rd St, Los Angeles, CA",Jun Won Restaurant,(213) 383-8855,"3100 W 8th St, Los Angeles, CA 90005",0
67904,2432,4581,Son of a Gun Restaurant,(323) 782-9033,"8370 W 3rd St, Los Angeles, CA",Sixth St Tavern,(213) 614-1900,"630 W 6th St, Los Angeles, CA 90017",0
67990,2432,5793,Son of a Gun Restaurant,(323) 782-9033,"8370 W 3rd St, Los Angeles, CA",Wood Spoon,(213) 629-1765,"107 W 9th St, Los Angeles, CA 90015",0
68093,2438,4654,Sotto Mare,(415) 398-3181,"552 Green Street, San Francisco, CA",Sotto Mare,(415) 398-3181,"552 Green St, San Francisco, CA 94133",1
68731,2463,618,Spur Tree Lounge,(212) 477-9977,"74 Orchard Street, New York, NY",Black Tree,(212) 533-4684,"131 Orchard St, New York, NY 10002",0
68749,2465,1197,St. Mary's Pub,(415) 529-1325,"3845 Mission Street, San Francisco, CA",Club Puertorriqueno De San Francisco,(415) 920-9606,"3249 Mission St, San Francisco, CA 94110",0
68841,2466,3913,St. Vincent,(415) 285-1200,"1270 Valencia Street, San Francisco, CA",Pica Pica Arepa Kitchen,(415) 400-5453,"401 Valencia St, San Francisco, CA 94103",0
69001,2486,985,State Street Brats,(608) 255-5544,"603 State St, Madison, WI",Casa de Lara,(608) 251-7200,"341 State St, Madison, WI 53703",0
69014,2486,1819,State Street Brats,(608) 255-5544,"603 State St, Madison, WI",Four Star Video Cooperative,(608) 255-1994,"449 State St, Madison, WI 53703",0
69087,2486,5509,State Street Brats,(608) 255-5544,"603 State St, Madison, WI",Tutto Pasta State Street,(608) 960-9980,"305 State St, Madison, WI 53703",0
69119,2488,4740,Steak Escape,(608) 833-9771,"118 W Towne Mall, Madison, WI",Steak Escape,(608) 833-9771,"118 W Towne Mall, Madison, WI 53719",1
69365,2499,2691,Stout Restaurant & Bar,(212) 629-6191,"133 W 33rd Street, New York, NY",Kopi Kopi NYC,(212) 777-7285,"68 W 3rd St, New York, NY 10012",0
69474,2504,1482,Subway,(608) 441-6887,"2850 University Ave, Madison, WI",Don the Car Care Man,(608) 467-0602,"2008 University Ave, Madison, WI 53726",0
69479,2504,2035,Subway,(608) 441-6887,"2850 University Ave, Madison, WI",Great Harvest Bread Company,(608) 284-9309,"3258 University Ave, Madison, WI 53705",0
69509,2504,4790,Subway,(608) 441-6887,"2850 University Ave, Madison, WI",Subway,(608) 441-6887,"2850 University Ave, Madison, WI 53705",1
70389,2531,2809,Supply House,(646) 861-3585,"1647 2nd Avenue, New York, NY",Lan Larb,(212) 889-1769,"637 2nd Ave, New York, NY 10016",0
70435,2535,2250,Sushi Boat,(415) 781-5111,"389 Geary Street, San Francisco, CA",Hong Kong Lounge II,(415) 668-8802,"3300 Geary Blvd, San Francisco, CA 94118",0
70454,2535,4427,Sushi Boat,(415) 781-5111,"389 Geary Street, San Francisco, CA",San Dong Best,(415) 668-5888,"3741 Geary Blvd, San Francisco, CA 94118",0
70968,2538,1482,Sushi Express,(608) 467-9688,"610 University Ave, Madison, WI",Don the Car Care Man,(608) 467-0602,"2008 University Ave, Madison, WI 53726",0
70973,2538,2035,Sushi Express,(608) 467-9688,"610 University Ave, Madison, WI",Great Harvest Bread Company,(608) 284-9309,"3258 University Ave, Madison, WI 53705",0
71207,2540,4636,Sushi Komasa,(213) 680-1792,"351 E 2nd St, Los Angeles, CA",Son of a Gun,(323) 782-9033,"8370 W 3rd St, Los Angeles, CA 90048",0
72167,2548,1038,Suwanasak Thai Cuisine,(608) 270-4440,"811 S. Gammon Rd., Madison, WI",Chang Jiang,(608) 278-1818,"646 S Gammon Rd, Madison, WI 53719",0
72168,2548,1040,Suwanasak Thai Cuisine,(608) 270-4440,"811 S. Gammon Rd., Madison, WI",Chang Jiang Chinese Restaurant,(608) 278-1818,"646 S Gammon Rd, Madison, WI 53719",0
72236,2550,4878,Swagat Restaurant,(608) 836-9399,"707 N High Point Rd, Madison, WI",Swagat,(800) 601-7491,"707 N High Point Rd, Madison, WI 53717",1
72237,2550,4879,Swagat Restaurant,(608) 836-9399,"707 N High Point Rd, Madison, WI",Swagat Indian Restaurant,(608) 836-9399,"707 N Highpoint Rd, Madison, WI 53717",1
72328,2555,4890,Sweet Maple,(415) 655-9169,"2101 Sutter Street, San Francisco, CA",Sweet Maple,(415) 655-9169,"2101 Sutter St, San Francisco, CA 94115",1
72329,2555,4891,Sweet Maple,(415) 655-9169,"2101 Sutter Street, San Francisco, CA",Sweet Maple,(415) 655-9169,"2101 Sutter St, San Francisco, CA 94115",1
72675,2577,1614,Taco Bell,(608) 249-7312,"4120 E Washington Ave, Madison, WI",Ellas Deli,(608) 241-5291,"2902 E Washington Ave, Madison, WI 53704",0
72772,2584,5625,Taco in a Bag,(773) 954-2114,"4703 N. Lincoln Avenue, Chicago, IL",Via Lima,(773) 348-4900,"4024 N Lincoln Ave, Chicago, IL 60618",0
73491,2621,4056,Taqueria Los Comales,(773) 276-0627,"2148 N. Milwaukee Avenue, Chicago, IL",Pot Pan,(773) 862-6990,"1362 N Milwaukee Ave, Chicago, IL 60642",0
73790,2649,129,Teddywedgers,(608) 230-5360,"101 State St, Madison, WI",Alan Koa Salon & Spa,(608) 284-1956,"202 State St, Madison, WI 53703",0
73846,2649,3468,Teddywedgers,(608) 230-5360,"101 State St, Madison, WI",Naf Naf Grill,(608) 256-0071,"555 State St, Madison, WI 53703",0
73858,2649,3945,Teddywedgers,(608) 230-5360,"101 State St, Madison, WI",Pita Pit,(608) 819-6722,"449 State St, Madison, WI 53703",0
73905,2651,3933,Tehuitzingo,(212) 397-5956,"695 10th Avenue, New York, NY",Pio Pio,(212) 459-2929,"604 10th Ave, New York, NY 10036",0
73944,2656,1036,Teriyaki Sushi Express,(608) 271-4000,"3044 Fish Hatchery Rd, Fitchburg, WI",Chang Jiang,(608) 288-1888,"2935 S Fish Hatchery Rd, Fitchburg, WI 53711",0
73949,2656,5020,Teriyaki Sushi Express,(608) 271-4000,"3044 Fish Hatchery Rd, Fitchburg, WI",Teriyaki Sushi Express,(608) 271-4000,"3044 Fish Hatchery Rd, Fitchburg, WI 53713",1
74557,2667,5033,Thai Noodles,(608) 270-9527,"5957 Mckee Rd, Fitchburg, WI",Thai Noodles,(608) 270-9527,"5957 Mckee Rd, Fitchburg, WI 53719",1
75270,2679,499,The Briks,(213) 746-7766,"1111 S Hope St, Los Angeles, CA",Beau Ideal House of Beauty,(323) 369-6904,"714 S Los Angeles St, Los Angeles, CA 90014",0
75599,2680,797,The Buena Vista,(415) 474-5044,"2765 Hyde Street, San Francisco, CA",Buena Vista Cafe,(415) 474-5044,"2765 Hyde St, San Francisco, CA 94109",1
75866,2693,499,The Counter,(213) 228-7800,"725 W 7th St, Los Angeles, CA",Beau Ideal House of Beauty,(323) 369-6904,"714 S Los Angeles St, Los Angeles, CA 90014",0
76124,2693,4679,The Counter,(213) 228-7800,"725 W 7th St, Los Angeles, CA",Spear Steak & Seafood House,(213) 688-3000,"800 W 6th St, Los Angeles, CA 90017",0
76268,2697,4531,The Cricketers Arms,(212) 619-5550,"57 Murray Street, New York, NY",Shake Shack,(646) 545-4600,"215 Murray St, New York, NY 10282",0
76773,2703,4636,The Edison,(213) 613-0000,"108 W 2nd St, Los Angeles, CA",Son of a Gun,(323) 782-9033,"8370 W 3rd St, Los Angeles, CA 90048",0
76881,2705,499,The Escondite,(213) 626-1800,"410 Boyd St, Los Angeles, CA",Beau Ideal House of Beauty,(323) 369-6904,"714 S Los Angeles St, Los Angeles, CA 90014",0
77045,2705,4636,The Escondite,(213) 626-1800,"410 Boyd St, Los Angeles, CA",Son of a Gun,(323) 782-9033,"8370 W 3rd St, Los Angeles, CA 90048",0
77900,2715,2818,The Green Owl Cafe,(608) 285-5290,"1970 Atwood Ave, Madison, WI",Lao Laan,(608) 819-0140,"2098 Atwood Ave, Madison, WI 53704",0
77913,2715,5184,The Green Owl Cafe,(608) 285-5290,"1970 Atwood Ave, Madison, WI",The Green Owl,(608) 285-5290,"1970 Atwood Ave, Madison, WI 53704",1
78847,2730,2400,The Little Door,(323) 951-1210,"8164 W 3rd St, Los Angeles, CA",Jack N Jills Too,(310) 858-4900,"8738 W 3rd St, Los Angeles, CA 90048",0
78861,2730,2584,The Little Door,(323) 951-1210,"8164 W 3rd St, Los Angeles, CA",Kang Ho Dong Baekjeong,(213) 384-9678,"3465 W 6th St, Los Angeles, CA 90020",0
78902,2730,3221,The Little Door,(323) 951-1210,"8164 W 3rd St, Los Angeles, CA",Men Oh Tokushima Ramen,(213) 687-8485,"456 E 2nd St, Los Angeles, CA 90012",0
78993,2730,4679,The Little Door,(323) 951-1210,"8164 W 3rd St, Los Angeles, CA",Spear Steak & Seafood House,(213) 688-3000,"800 W 6th St, Los Angeles, CA 90017",0
79001,2730,4825,The Little Door,(323) 951-1210,"8164 W 3rd St, Los Angeles, CA",Sun Nong Dan,(213) 365-0303,"3470 W 6th St, Los Angeles, CA 90020",0
79034,2730,5237,The Little Door,(323) 951-1210,"8164 W 3rd St, Los Angeles, CA",The Little Easy,(213) 628-3113,"216 W 5th St, Los Angeles, CA 90013",0
79080,2731,5238,The Little Owl,(212) 741-4695,"90 Bedford Street, New York, NY",The Little Owl,(212) 741-4695,"90 Bedford St, New York, NY 10014",1
79108,2735,2809,The Meatball Shop,(212) 257-6121,"1462 2nd Avenue, New York, NY",Lan Larb,(212) 889-1769,"637 2nd Ave, New York, NY 10016",0
79130,2736,1491,The Nitty Gritty,(608) 251-2521,"223 N Frances St, Madison, WI",Dotty Dumplings Dowry,(608) 259-0000,"317 N Frances St, Madison, WI 53703",0
79229,2738,5273,The Old Fashioned,(608) 310-4545,"23 N Pinckney St, Madison, WI",The Old Fashioned,(608) 310-4545,"23 N Pinckney St, Madison, WI 53703",1
79264,2742,3826,The Pastry Cupboard,(415) 864-2755,"1596 Market Street, San Francisco, CA",Pasta Moto,(415) 546-6686,"845 Market St, San Francisco, CA 94103",0
79270,2742,4842,The Pastry Cupboard,(415) 864-2755,"1596 Market Street, San Francisco, CA",Super Duper Burgers,(415) 558-8123,"2304 Market St, San Francisco, CA 94114",0
79691,2745,5305,The Publican,(312) 733-9555,"837 W. Fulton Market, Chicago, IL",The Publican,(312) 733-9555,"837 W Fulton Market, Chicago, IL 60607",1
80150,2758,5357,The Taco Shop,(608) 250-8226,"604 University Ave, Madison, WI",The Taco Bros,(608) 422-5075,"604 E University Ave, Madison, WI 53715",1
80362,2765,2818,The Victory Madison,(608) 240-0366,"2710 Atwood Ave, Madison, WI",Lao Laan,(608) 819-0140,"2098 Atwood Ave, Madison, WI 53704",0
80363,2765,2819,The Victory Madison,(608) 240-0366,"2710 Atwood Ave, Madison, WI",Lao Laan,(608) 819-0140,"2098 Atwood Ave, Madison, WI 53704",0
80458,2770,583,Three Dots and a Dash,(312) 610-4200,"435 N. Clark Street, Chicago, IL",Bill D.'s review of Chez Delisay Cajun Cuisin,(872) 806-0986,"6621 N Clark St, Chicago, IL 60626",0
80916,2776,5411,Tinga,(323) 954-9566,"142 S La Brea, Los Angeles, CA",Tinga,(323) 954-9566,"142 S La Brea Ave, Los Angeles, CA 90036",1
81095,2786,5433,Tokyo Express,(608) 280-8338,"617 State St, Madison, WI",Tokyo Express,(608) 280-8338,"617 State St, Madison, WI 53703",1
81128,2794,1218,Tommy's Mexican,(415) 387-4747,"5929 Geary Boulevard, San Francisco, CA",Colibri Mexican Bistro,(415) 440-2737,"438 Geary St, San Francisco, CA 94102",0
81186,2797,487,Tony Maroni's Famous Gourmet,(310) 966-5050,"11645 Wilshire Blvd, Los Angeles, CA",BCD Tofu House,(213) 382-6677,"3575 Wilshire Blvd, Los Angeles, CA 90010",0
81792,2812,4721,Tous Les Jours,(212) 967-9661,"31 West 32nd Street, New York, NY",St. Thomas Church Fifth Avenue,(212) 757-7013,"1 West 53rd St, New York, NY 10019",0
82026,2825,5015,True Coffee Roasters,(608) 277-1455,"6250 Nesbitt Rd, Fitchburg, WI",Ten Pin Alley,(608) 845-1010,"6285 Nesbitt Rd, Fitchburg, WI 53719",0
82092,2830,5499,Tuba,(415) 826-8822,"1007 Guerrero Street, San Francisco, CA",Tuba,(415) 826-8822,"1007 Guerrero St, San Francisco, CA 94110",1
82093,2830,5500,Tuba,(415) 826-8822,"1007 Guerrero Street, San Francisco, CA",Tuba,(415) 826-8822,"1007 Guerrero St, San Francisco, CA 94110",1
82646,2846,129,Umami Food Cart,(608) 819-6319,"700 State St, Madison, WI",Alan Koa Salon & Spa,(608) 284-1956,"202 State St, Madison, WI 53703",0
82652,2846,985,Umami Food Cart,(608) 819-6319,"700 State St, Madison, WI",Casa de Lara,(608) 251-7200,"341 State St, Madison, WI 53703",0
82769,2847,2820,Umami Ramen & Dumpling Bar,(608) 819-6319,"923 Williamson St., Madison, WI",Lao Laan,(608) 280-0104,"1146 Williamson St, Madison, WI 53703",0
82786,2847,4254,Umami Ramen & Dumpling Bar,(608) 819-6319,"923 Williamson St., Madison, WI",Ricks Olde Gold,(608) 257-7280,"1314 Williamson St Frnt, Madison, WI 53703",0
83199,2859,3930,Vee Vee's,(773) 465-2424,"6232 N. Broadway Street, Chicago, IL",Ping Pong,(773) 281-7575,"3322 N Broadway St, Chicago, IL 60657",0
83671,2872,571,Via Lima,(773) 348-4900,"4024 N. Lincoln Avenue, Chicago, IL",Big Bricks,(773) 525-5022,"3832 N Lincoln Ave, Chicago, IL 60613",0
84001,2873,5369,Vibe,(213) 268-9948,"721 S Western Ave, Los Angeles, CA",The Vape Shop,(323) 496-9288,"125 N Western Ave, Los Angeles, CA 90004",0
84112,2878,5634,Villa Dolce,(608) 833-0033,"1828 Parmenter St, Middleton, WI",Villa Dolce,(608) 833-0033,"1828 Parmenter St, Middleton, WI 53562",1
84298,2882,2823,Village Pizzeria,(323) 465-5566,"131 N Larchmont Blvd, Los Angeles, CA",Larchmont Village Wine Spirits & Cheese,(323) 856-8699,"223 N Larchmont Blvd, Los Angeles, CA 90004",0
84601,2888,1829,Vinoteque on Melrose,(310) 860-6060,"7469 Melrose Ave, Los Angeles, CA",Franco On Melrose,(323) 934-3390,"6919 Melrose Ave, Los Angeles, CA 90038",0
84771,2888,5649,Vinoteque on Melrose,(310) 860-6060,"7469 Melrose Ave, Los Angeles, CA",Vinoteque On Melrose,(310) 860-6060,"7469 Melrose Ave, Los Angeles, CA 90046",1
85464,2901,985,Wasabi Japanese Restaurant,(608) 255-5020,"449 State St Ste 2G, Madison, WI",Casa de Lara,(608) 251-7200,"341 State St, Madison, WI 53703",0
85513,2901,3468,Wasabi Japanese Restaurant,(608) 255-5020,"449 State St Ste 2G, Madison, WI",Naf Naf Grill,(608) 256-0071,"555 State St, Madison, WI 53703",0
85576,2904,1039,Watertower Chop House,(608) 318-1857,"109 W Main St, Sun Prairie, WI",Chang Jiang,(608) 825-9108,"984 W Main St, Sun Prairie, WI 53590",0
85606,2905,5698,Waypoint Public House,(608) 222-3900,"320 W Broadway, Madison, WI",Waypoint Public House,(608) 222-0224,"320 W Broadway, Monona, WI 53716",1
85628,2908,2820,Weary Traveler Freehouse,(608) 442-6207,"1201 Williamson St, Madison, WI",Lao Laan,(608) 280-0104,"1146 Williamson St, Madison, WI 53703",0
85645,2908,4254,Weary Traveler Freehouse,(608) 442-6207,"1201 Williamson St, Madison, WI",Ricks Olde Gold,(608) 257-7280,"1314 Williamson St Frnt, Madison, WI 53703",0
85996,2933,5752,Wildberry Pancakes & Cafe,(312) 938-9777,"130 E. Randolph Street, Chicago, IL",Wildberry Pancakes and Cafe,(312) 938-9777,"130 E Randolph St, Chicago, IL 60601",1
86052,2936,4407,Willalby's Cafe,(608) 259-9032,"1351 Williamson St, Madison, WI",Sali C.'s review of Lao Laan,(608) 280-0104,"1146 Williamson St, Madison, WI 53703",0
86113,2944,1482,Wings Over Madison,(608) 467-3300,"2739 University Ave, Madison, WI",Don the Car Care Man,(608) 467-0602,"2008 University Ave, Madison, WI 53726",0
86118,2944,2035,Wings Over Madison,(608) 467-3300,"2739 University Ave, Madison, WI",Great Harvest Bread Company,(608) 284-9309,"3258 University Ave, Madison, WI 53705",0
86163,2947,5774,Winton Deli,(510) 786-2444,"2042 W Winton Avenue, Hayward, CA",Winton Deli Cafe,(510) 786-2444,"2042 W Winton Ave, Hayward, CA 94545",1
87108,2962,5200,Woodhouse Fish Company,(415) 437-2722,"2073 Market Street, San Francisco, CA",The Hot Spot,(415) 355-9800,"1414 Market St, San Francisco, CA 94102",0
87750,2969,5198,Yang Chow,(213) 625-0811,"819 N Broadway, Los Angeles, CA",The Heights Deli & Bottle Shop,(323) 223-0708,"2927 N Broadway, Los Angeles, CA 90031",0
88002,2989,1889,Yu Chun Chic Naeng Myun,(213) 382-3815,"3185 W Olympic Blvd, Los Angeles, CA",Gam Ja Gol,(213) 381-6446,"3003 W Olympic Blvd, Los Angeles, CA 90006",0
88336,2989,5839,Yu Chun Chic Naeng Myun,(213) 382-3815,"3185 W Olympic Blvd, Los Angeles, CA",Yu Chun Chic Naeng Myun,(213) 382-3815,"3185 W Olympic Blvd, Los Angeles, CA 90006",1
88362,2991,325,Yum Yum Bangkok,(212) 262-7244,"650 9th Avenue, New York, NY",At nine Restaurant & Bar,(212) 265-4499,"592 9th Ave, New York, NY 10036",0
88388,2991,4263,Yum Yum Bangkok,(212) 262-7244,"650 9th Avenue, New York, NY",Riposo 46,(929) 220-3952,"667 9th Ave, New York, NY 10036",0
88702,3012,5880,Zuzu Cafe,(608) 260-9898,"1336 Drake St, Madison, WI",ZuZu Cafe & Market,(608) 260-9898,"1336 Drake St, Madison, WI 53715",1
